1001_1002_1003_1004_1005_1017_1026_1031_1036_1046_1064_1097_1102_1103_1104_1130_1134_1135_1136_1138_1140;1140
1001_1002_1003_1004_1009_1028_1031_1036_1053_1054_1139_1140_3003_3052;1140
1001_1002_1003_1004_1031_1052_1053_1054_1103_1140;1140
1001_1002_1003_1004_1031_1053_1054_1140_3031_3052;1140
1001_1002_1003_1005_1017_1026_1031_1036_1046_1064_1097_1102_1103_1104_1130_1134_1135_1136_1138_1140;1140
1001_1002_1003_1017_1026_1031_1036_1046_1064_1097_1101_1102_1106_1126_1138_1140;1140
1001_1002_1003_1017_1026_1031_1052_1053_1054_1064_1072_1097_1104_1130_1135_1139_1140;1140
1001_1002_1003_1017_1031_1036_1064_1097_1101_1126_1135_1138_1140;1140
1001_1002_1003_1017_1031_1053_1054_1064_1097_1101_1126_1135_1136_1138_1140;1140
1001_1002_1003_1018_1026_1036_1051_1052_1053_1054_1092_1096_1101_1131_1134_1135_1140_3003;1140
1001_1002_1003_1018_1031_1036_1052_1053_1054_1140_3003;1140
1001_1002_1003_1018_1036_1051_1052_1053_1054_1092_1101_1131_1134_1135_1140_3003;1140
1001_1002_1003_1031_1053_1054_1081_1140_3003;1140
1001_1002_1004_1005_1017_1026_1031_1036_1064_1130_1140;1140
1001_1002_1004_1026_1031_1036_1046_1051_1052_1053_1054_1130_1135_1140;1140
1001_1002_1005_1010_1018_1022_1026_1035_1036_1041_1051_1052_1083_1140;1140
1001_1002_1005_1018_1022_1026_1035_1036_1041_1051_1052_1083_1140;1140
1001_1002_1005_1026_1035_1036_1041_1051_1052_1083_1140;1140
1001_1002_1005_1036_1046_1052_1053_1054_1055_1130_1132_1134_1135_1140;1140
1001_1002_1017_1019_1026_1031_1046_1064_1067_1068_1097_1101_1104_1106_1126_1130_1135_1136_1138_1140;1140
1001_1002_1017_1019_1026_1031_1064_1067_1068_1078_1097_1104_1106_1126_1134_1135_1138_1140;1140
1001_1002_1017_1019_1026_1031_1064_1078_1097_1101_1130_1135_1140;1140
1001_1002_1017_1019_1026_1036_1037_1052_1053_1054_1064_1067_1072_1078_1135_1136_1138_1140;1140
1001_1002_1017_1026_1031_1064_1101_1130_1135_1140;1140
1001_1002_1017_1064_1130_1138_1140;1140
1001_1002_1018_1019_1031_1036_1051_1052_1053_1054_1101_1113_1130_1134_1140;1140
1001_1002_1018_1020_1026_1036_1051_1052_1053_1054_1055_1062_1083_1130_1135_1136_1140;1140
1001_1002_1018_1020_1026_1036_1051_1052_1053_1054_1055_1130_1135_1136_1140;1140
1001_1002_1018_1023_1031_1036_1051_1052_1054_1081_1083_1091_1097_1113_1130_1131_1135_1138_1140_3031;1140
1001_1002_1018_1031_1036_1051_1052_1053_1054_1103_1140_3003;1140
1001_1002_1018_1036_1051_1052_1053_1054_1096_1101_1131_1134_1140_3003;1140
1001_1002_1018_1036_1051_1052_1053_1054_1101_1129_1131_1134_1135_1140_3003;1140
1001_1002_1018_1041_1051_1135_1140;1140
1001_1002_1018_1051_1140;1140
1001_1002_1019_1026_1031_1036_1101_1107_1130_1135_1140;1140
1001_1002_1020_1031_1053_1126_1136_1138_1140;1140
1001_1002_1023_1031_1036_1051_1052_1054_1081_1083_1091_1097_1130_1131_1135_1138_1140;1140
1001_1002_1026_1031_1036_1046_1052_1053_1054_1106_1107_1130_1135_1140;1140
1001_1002_1026_1031_1036_1046_1052_1053_1054_1107_1130_1135_1140;1140
1001_1002_1026_1031_1046_1052_1053_1054_1107_1130_1135_1140;1140
1001_1002_1026_1036_1072_1097_1140;1140
1001_1002_1026_1036_1097_1140;1140
1001_1002_1026_1051_1067_1068_1097_1126_1138_1140;1140
1001_1002_1031_1036_1051_1140;1140
1001_1002_1031_1036_1052_1053_1054_1130_1140;1140
1001_1002_1031_1046_1052_1053_1054_1130_1135_1140;1140
1001_1002_1036_1078_1131_1140_3003;1140
1001_1003_1006_1017_1026_1031_1036_1046_1064_1104_1126_1130_1135_1140;1140
1001_1003_1017_1026_1031_1036_1037_1064_1072_1097_1130_1132_1135_1140;1140
1001_1003_1026_1031_1036_1046_1052_1053_1054_1066_1107_1130_1135_1140;1140
1001_1003_1031_1036_1053_1054_1135_1139_1140;1140
1001_1003_1031_1053_1054_1139_1140_3003_3052;1140
1001_1004_1018_1020_1036_1051_1052_1053_1054_1055_1128_1130_1135_1140;1140
1001_1004_1027_1036_1053_1054_1083_1097_1101_1107_1129_1130_1134_1135_1140;1140
1001_1004_1031_1053_1054_1126_1130_1131_1140;1140
1001_1017_1018_1019_1026_1036_1051_1059_1064_1065_1066_1067_1068_1072_1078_1097_1114_1131_1140;1140
1001_1017_1018_1019_1031_1036_1053_1054_1064_1065_1066_1067_1068_1072_1078_1092_1101_1102_1114_1131_1132_1134_1140;1140
1001_1017_1018_1026_1031_1064_1067_1097_1135_1140;1140
1001_1017_1019_1026_1031_1036_1064_1067_1068_1104_1106_1126_1130_1140;1140
1001_1017_1019_1026_1031_1046_1064_1126_1130_1135_1140;1140
1001_1017_1026_1031_1036_1046_1064_1126_1130_1135_1140;1140
1001_1017_1026_1031_1038_1042_1064_1126_1130_1135_1136_1140;1140
1001_1017_1026_1031_1054_1064_1102_1126_1130_1135_1138_1140;1140
1001_1017_1026_1031_1054_1102_1126_1130_1135_1138_1140;1140
1001_1017_1026_1031_1064_1101_1103_1135_1140;1140
1001_1017_1026_1064_1102_1138_1140;1140
1001_1017_1028_1031_1053_1054_1064_1126_1130_1140;1140
1001_1017_1031_1053_1064_1097_1101_1104_1106_1126_1140;1140
1001_1017_1064_1126_1140;1140
1001_1017_1064_1140;1140
1001_1018_1019_1020_1036_1051_1081_1083_1097_1101_1113_1131_1135_1140;1140
1001_1018_1019_1027_1036_1062_1067_1068_1078_1081_1083_1097_1130_1135_1140;1140
1001_1018_1020_1036_1051_1052_1053_1054_1055_1083_1130_1135_1136_1140;1140
1001_1018_1023_1031_1036_1052_1054_1081_1083_1091_1097_1130_1131_1135_1140;1140
1001_1018_1026_1037_1043_1051_1055_1078_1083_1097_1131_1140;1140
1001_1018_1026_1043_1051_1055_1083_1105_1130_1140;1140
1001_1018_1031_1036_1051_1053_1131_1140_3003;1140
1001_1018_1031_1036_1051_1078_1092_1131_1140_3003;1140
1001_1018_1031_1036_1103_1140;1140
1001_1018_1031_1036_1140;1140
1001_1018_1036_1037_1043_1051_1055_1105_1106_1140;1140
1001_1018_1036_1051_1053_1054_1081_1083_1097_1113_1130_1131_1135_1140_3030_3031;1140
1001_1019_1140_3031_3052;1140
1001_1022_1067_1068_1134_1140;1140
1001_1026_1031_1036_1053_1054_1097_1101_1126_1132_1135_1140;1140
1001_1026_1031_1052_1053_1054_1097_1130_1140;1140
1001_1026_1031_1097_1140;1140
1001_1026_1031_1140;1140
1001_1026_1036_1051_1140;1140
1001_1028;1028
1001_1031_1036_1052_1053_1054_1128_1140_3003;1140
1001_1031_1036_1054_1059_1067_1068_1070_1078_1081_1113_1127_1140_3030;1140
1001_1031_1036_1140;1140
1001_1031_1053_1054_1139_1140;1140
1001_1031_1140;1140
1001_1036_1052_1053_1054_1081_1101_1113_1130_1136_1140;1140
1001_1036_1072_1126_1140;1140
1001_1037_1043_1105_1130_1140;1140
1001_1043_1130_1140;1140
1001_1052_1053_1054_1081_1101_1113_1130_1136_1140;1140
1001_1056_1061_1062_1067_1068_1107_1140;1140
1001_1062_1130_1140;1140
1001_1080;1001
1001_1083_1097_1130_1140;1140
1001_1130_1140;1140
1001_1140;1140
1002_1003_1004_1005_1020_1026_1031_1036_1052_1053_1054_1097_1139_1140_3003;1140
1002_1003_1004_1017_1019_1026_1031_1046_1052_1053_1064_1067_1068_1101_1126_1135_1140;1140
1002_1003_1004_1017_1019_1026_1031_1052_1053_1054_1064_1067_1068_1078_1097_1101_1102_1104_1106_1135_1136_1140;1140
1002_1003_1004_1019_1028_1031_1051_1053_1054_1057_1135_1140_3003_3052;1140
1002_1003_1017_1019_1026_1028_1031_1036_1053_1054_1064_1067_1068_1078_1126_1140;1140
1002_1003_1017_1019_1026_1031_1053_1054_1064_1067_1068_1097_1126_1130_1140;1140
1002_1003_1017_1026_1031_1036_1046_1054_1064_1101_1102_1126_1130_1135_1136_1138_1140;1140
1002_1003_1017_1026_1031_1064_1097_1101_1106_1126_1135_1138_1140;1140
1002_1003_1017_1031_1064_1097_1101_1126_1135_1136_1140;1140
1002_1003_1018_1031_1036_1037_1053_1054_1055_1062_1067_1068_1070_1078_1081_1083_1097_1113_1140;1140
1002_1003_1026_1028_1031_1036_1053_1054_1067_1068_1072_1078_1092_1097_1126_1130_1134_1135_1140;1140
1002_1003_1026_1028_1031_1053_1054_1067_1068_1097_1140;1140
1002_1003_1026_1031_1036_1053_1054_1101_1134_1135_1140;1140
1002_1003_1026_1031_1036_1097_1126_1130_1138_1140;1140
1002_1003_1026_1031_1054_1097_1101_1126_1130_1138_1140;1140
1002_1003_1028_1031_1036_1053_1054_1057_1126_1140;1140
1002_1003_1031_1036_1053_1054_1140_3003_3031_3052;1140
1002_1004_1005_1006_1007_1010_1023_1036_1053_1054_1083_1101_1113_1130_1135_1140;1140
1002_1004_1005_1017_1019_1031_1053_1054_1064_1067_1068_1092_1097_1101_1102_1104_1126_1130_1135_1139_1140;1140
1002_1004_1006_1008_1017_1018_1019_1026_1028_1031_1064_1097_1101_1126_1130_1135_1138_1140;1140
1002_1004_1006_1008_1017_1026_1028_1064_1101_1126_1135_1138_1140;1140
1002_1004_1008_1017_1026_1031_1064_1097_1101_1104_1106_1126_1135_1138_1140;1140
1002_1004_1017_1019_1026_1028_1031_1053_1054_1064_1067_1068_1078_1092_1130_1135_1140;1140
1002_1004_1017_1019_1026_1031_1036_1053_1054_1064_1067_1068_1078_1092_1097_1101_1130_1134_1140;1140
1002_1004_1017_1019_1026_1031_1053_1054_1064_1067_1068_1078_1092_1097_1130_1140;1140
1002_1004_1017_1026_1031_1036_1054_1064_1101_1102_1135_1138_1140;1140
1002_1007_1008_1017_1019_1026_1031_1036_1046_1052_1053_1054_1064_1067_1068_1101_1102_1103_1126_1130_1135_1138_1140;1140
1002_1008_1018_1026_1031_1037_1043_1051_1055_1061_1130_1140;1140
1002_1008_1018_1037_1043_1051_1055_1060_1130_1140;1140
1002_1008_1018_1037_1043_1051_1055_1130_1140;1140
1002_1008_1130_1140;1140
1002_1017_1018_1019_1026_1031_1064_1101_1130_1138_1140;1140
1002_1017_1018_1019_1026_1031_1097_1101_1130_1135_1138_1140;1140
1002_1017_1018_1019_1026_1036_1051_1052_1053_1054_1059_1064_1067_1068_1078_1097_1104_1113_1127_1130_1131_1135_1138_1140;1140
1002_1017_1018_1019_1026_1036_1051_1052_1053_1054_1064_1065_1067_1068_1078_1092_1101_1102_1127_1130_1131_1132_1135_1138_1140;1140
1002_1017_1018_1019_1026_1064_1065_1066_1067_1068_1078_1097_1104_1106_1114_1130_1138_1140;1140
1002_1017_1018_1019_1026_1064_1097_1130_1138_1140;1140
1002_1017_1018_1019_1031_1064_1101_1130_1138_1140;1140
1002_1017_1018_1026_1031_1036_1054_1064_1130_1138_1140;1140
1002_1017_1019_1026_1031_1036_1053_1064_1067_1068_1078_1101_1113_1130_1135_1140;1140
1002_1017_1019_1026_1031_1046_1064_1101_1126_1130_1135_1136_1138_1140;1140
1002_1017_1019_1026_1031_1053_1054_1064_1067_1068_1097_1101_1126_1135_1140;1140
1002_1017_1019_1026_1031_1059_1064_1101_1104_1106_1130_1135_1138_1140;1140
1002_1017_1019_1026_1064_1067_1068_1078_1097_1101_1126_1135_1138_1140;1140
1002_1017_1026_1031_1036_1053_1059_1064_1101_1130_1135_1140;1140
1002_1017_1026_1031_1036_1064_1097_1101_1130_1135_1140;1140
1002_1017_1026_1031_1053_1064_1101_1135_1138_1140;1140
1002_1017_1026_1031_1064_1097_1101_1135_1138_1140;1140
1002_1017_1026_1031_1064_1101_1126_1135_1138_1140;1140
1002_1017_1026_1064_1126_1135_1136_1138_1140;1140
1002_1017_1064_1135_1138_1140;1140
1002_1018_1023_1028_1036_1051_1053_1054_1057_1131_1135_1140_3003;1140
1002_1018_1026_1037_1043_1051_1055_1130_1140;1140
1002_1018_1036_1051_1083_1092_1097_1113_1130_1131_1132_1135_1140;1140
1002_1018_1036_1051_1083_1092_1113_1130_1131_1132_1135_1140;1140
1002_1018_1051_1055_1131_1140;1140
1002_1018_1051_1092_1131_1140;1140
1002_1019_1031_1036_1067_1068_1101_1130_1135_1140;1140
1002_1019_1036_1055_1083_1097_1140;1140
1002_1023_1028_1036_1053_1054_1097_1130_1135_1140_3001;1140
1002_1026_1031_1036_1046_1052_1053_1054_1107_1130_1135_1140;1140
1002_1026_1031_1036_1101_1107_1130_1135_1140;1140
1002_1026_1031_1036_1101_1107_1140;1140
1002_1026_1031_1130_1135_1136_1140;1140
1002_1026_1036_1072_1106_1140;1140
1002_1026_1097_1130_1136_1140;1140
1002_1026_1126_1130_1138_1140;1140
1002_1031;1002
1002_1031_1036_1057_1130_1140;1140
1002_1080;1002
1002_1107_1140;1140
1002_1130_1136_1140;1140
1002_1131_1140;1140
1002_1140;1140
1003_1004_1005_1036_1053_1054_1059_1081_1101_1109_1110_1111_1113_1126_1127_1130_1140_1143_1144;1140
1003_1004_1005_1036_1053_1054_1101_1113_1129_1130_1134_1135_1140;1140
1003_1004_1006_1007_1023_1036_1053_1054_1101_1102_1130_1135_1140;1140
1003_1004_1007_1036_1053_1054_1102_1113_1130_1132_1135_1140;1140
1003_1004_1018_1019_1036_1051_1055_1097_1106_1107_1129_1130_1131_1134_1140;1140
1003_1004_1018_1023_1028_1031_1051_1057_1078_1092_1131_1132_1134_1140_3003;1140
1003_1004_1018_1023_1028_1031_1051_1057_1092_1131_1140_3003;1140
1003_1004_1018_1026_1031_1036_1037_1043_1051_1055_1083_1101_1104_1105_1107_1129_1130_1131_1134_1140;1140
1003_1004_1018_1026_1031_1036_1037_1043_1051_1055_1083_1101_1105_1106_1107_1129_1130_1131_1134_1140;1140
1003_1004_1018_1026_1036_1037_1043_1051_1055_1083_1097_1101_1104_1105_1107_1129_1130_1131_1140;1140
1003_1004_1018_1026_1036_1037_1043_1051_1055_1083_1101_1104_1105_1107_1129_1130_1131_1134_1140;1140
1003_1004_1018_1026_1036_1051_1055_1101_1107_1129_1130_1131_1134_1140;1140
1003_1004_1018_1027_1036_1051_1053_1054_1083_1097_1101_1107_1113_1129_1130_1131_1134_1135_1140;1140
1003_1004_1018_1036_1051_1055_1101_1107_1129_1130_1131_1134_1140;1140
1003_1004_1031_1036_1060_1070_1083_1101_1107_1113_1126_1127_1129_1130_1134_1140_1143_1144;1140
1003_1004_1036_1053_1083_1097_1107_1113_1129_1130_1134_1135_1140;1140
1003_1005_1017_1031_1036_1064_1101_1126_1129_1135_1140;1140
1003_1006_1017_1019_1026_1035_1036_1046_1064_1067_1068_1126_1130_1135_1140;1140
1003_1006_1018_1027_1043_1051_1055_1060_1131_1140;1140
1003_1017_1018_1019_1026_1031_1036_1051_1059_1064_1067_1068_1101_1126_1130_1131_1135_1140;1140
1003_1017_1018_1019_1036_1059_1064_1065_1066_1067_1068_1072_1078_1114_1131_1140;1140
1003_1017_1019_1031_1036_1064_1067_1068_1097_1126_1130_1135_1139_1140;1140
1003_1017_1026_1036_1053_1054_1059_1064_1126_1130_1140;1140
1003_1017_1026_1036_1064_1135_1140;1140
1003_1017_1036_1064_1097_1126_1135_1139_1140;1140
1003_1018_1019_1031_1140_3003_3031_3052;1140
1003_1018_1026_1043_1051_1055_1097_1131_1140;1140
1003_1018_1051_1055_1130_1140;1140
1003_1018_1131_1140;1140
1003_1019_1067_1068_1078_1083_1101_1104_1106_1130_1134_1135_1140_3031;1140
1003_1026_1031_1036_1053_1054_1097_1101_1126_1130_1138_1140;1140
1003_1028_1031_1036_1057_1140;1140
1003_1036_1055_1101_1129_1130_1134_1140;1140
1003_1131_1140;1140
1003_1140;1140
1004_1005_1006_1007_1008_1009_1011_1012_1013_1014_1015_1016_1022_1028_1037_1043_1045_1051_1055_1063_1069_1070_1072_1094_1095_1096_1100_1111_1115_1116_1117_1120_1121_1122_1123_1139_1140;1140
1004_1005_1017_1026_1064_1092_1140;1140
1004_1005_1023_1056_1061_1092_1107_1131_1140;1140
1004_1006_1019_1026_1031_1059_1130_1135_1140;1140
1004_1017_1018_1019_1031_1036_1064_1065_1066_1067_1068_1072_1078_1107_1114_1131_1140;1140
1004_1017_1031_1036_1054_1064_1140;1140
1004_1018_1026_1036_1037_1043_1051_1055_1083_1104_1105_1107_1131_1140;1140
1004_1018_1026_1037_1043_1051_1055_1083_1105_1106_1107_1131_1140;1140
1004_1018_1026_1037_1043_1051_1055_1105_1106_1107_1131_1140;1140
1004_1018_1026_1051_1055_1107_1131_1140;1140
1004_1018_1031_1106_1107_1140;1140
1004_1018_1036_1037_1043_1083_1097_1104_1105_1107_1140;1140
1004_1018_1037_1043_1051_1055_1060_1105_1107_1131_1140;1140
1004_1018_1037_1043_1051_1055_1105_1107_1129_1131_1140;1140
1004_1018_1037_1043_1051_1055_1131_1140;1140
1004_1018_1051_1055_1097_1131_1140;1140
1004_1018_1051_1055_1107_1129_1131_1140;1140
1004_1018_1051_1055_1107_1131_1140;1140
1004_1026_1036_1037_1043_1083_1097_1105_1106_1107_1140;1140
1004_1031_1043_1083_1104_1107_1140;1140
1004_1036;1036
1004_1036_1067_1068_1070_1078_1083_1106_1107_1129_1130_1131_1134_1140;1140
1004_1036_1104_1107_1140;1140
1004_1097_1107_1140;1140
1004_1107_1131_1140;1140
1004_1107_1140;1140
1004_1140;1140
1005_1018_1023_1051_1055_1107_1140;1140
1005_1023_1107_1140;1140
1005_1056;1005
1006_1007_1008_1010_1011_1017_1018_1019_1026_1033_1035_1036_1051_1052_1053_1054_1064_1065_1066_1067_1068_1072_1078_1092_1097_1101_1104_1106_1113_1114_1127_1130_1131_1132_1135_1138_1139_1140;1140
1006_1008_1009_1011_1017_1018_1019_1026_1036_1051_1052_1053_1064_1065_1066_1067_1072_1078_1092_1101_1114_1130_1131_1135_1138_1139_1140;1140
1006_1014_1017_1018_1019_1026_1031_1038_1041_1042_1064_1067_1068_1078_1126_1135_1140;1140
1006_1014_1017_1018_1019_1026_1031_1064_1067_1068_1078_1126_1135_1140;1140
1007_1008_1017_1026_1031_1036_1052_1053_1054_1064_1097_1130_1135_1138_1139_1140;1140
1007_1009_1017_1026_1031_1036_1051_1064_1130_1135_1138_1139_1140;1140
1007_1031_1036_1103_1134_1140_3003;1140
1008_1131_1140;1140
1010_1017_1026_1064_1140;1140
1017_1018_1019_1026_1028_1031_1036_1051_1059_1064_1065_1066_1067_1068_1072_1078_1113_1114_1131_1140;1140
1017_1018_1019_1026_1031_1036_1051_1059_1064_1065_1066_1067_1068_1072_1078_1097_1104_1114_1131_1140;1140
1017_1018_1019_1026_1031_1036_1051_1059_1064_1065_1066_1067_1068_1072_1078_1114_1126_1131_1135_1140;1140
1017_1018_1019_1026_1031_1036_1051_1059_1064_1065_1066_1067_1068_1072_1078_1114_1131_1135_1140;1140
1017_1018_1019_1026_1031_1036_1051_1059_1064_1065_1066_1067_1068_1072_1078_1114_1131_1140;1140
1017_1018_1019_1026_1031_1036_1051_1059_1078_1114_1131_1140;1140
1017_1018_1019_1026_1031_1072_1126_1140;1140
1017_1018_1019_1026_1036_1051_1059_1064_1065_1067_1068_1072_1126_1131_1140;1140
1017_1018_1019_1026_1051_1064_1065_1066_1067_1068_1072_1078_1097_1102_1114_1131_1140;1140
1017_1018_1019_1026_1064_1067_1068_1078_1101_1135_1140;1140
1017_1018_1019_1031_1036_1037_1059_1064_1065_1066_1067_1068_1072_1078_1114_1131_1140;1140
1017_1018_1019_1051_1064_1067_1068_1078_1126_1140;1140
1017_1018_1026_1031_1064_1097_1101_1104_1130_1136_1138_1140;1140
1017_1018_1064_1126_1140;1140
1017_1019_1026_1031_1036_1059_1064_1065_1066_1067_1068_1072_1078_1114_1131_1140;1140
1017_1019_1026_1031_1036_1064_1067_1068_1078_1101_1102_1135_1136_1140;1140
1017_1019_1026_1031_1036_1064_1072_1078_1113_1140;1140
1017_1019_1026_1031_1053_1064_1092_1097_1126_1130_1140;1140
1017_1019_1026_1031_1054_1064_1067_1068_1097_1126_1130_1131_1140;1140
1017_1019_1026_1031_1064_1067_1068_1078_1097_1101_1103_1104_1106_1130_1135_1136_1138_1140;1140
1017_1019_1026_1031_1064_1072_1140;1140
1017_1019_1026_1036_1051_1064_1067_1068_1130_1140;1140
1017_1019_1026_1036_1054_1064_1135_1140;1140
1017_1019_1026_1036_1064_1067_1068_1078_1131_1140;1140
1017_1019_1026_1046_1059_1064_1065_1066_1067_1068_1072_1078_1114_1131_1135_1140;1140
1017_1019_1031_1053_1054_1064_1067_1068_1097_1101_1126_1130_1135_1140;1140
1017_1019_1031_1064_1068_1072_1140;1140
1017_1019_1031_1064_1097_1101_1104_1106_1126_1130_1140;1140
1017_1019_1054_1059_1064_1067_1068_1078_1131_1140;1140
1017_1019_1064_1067_1068_1078_1126_1140;1140
1017_1019_1064_1067_1068_1097_1101_1126_1130_1135_1138_1140;1140
1017_1022_1056_1140;1140
1017_1026_1031_1036_1046_1054_1064_1097_1102_1126_1135_1136_1138_1140;1140
1017_1026_1031_1036_1053_1054_1064_1097_1104_1126_1130_1135_1140;1140
1017_1026_1031_1036_1053_1054_1064_1097_1126_1130_1135_1140;1140
1017_1026_1031_1036_1053_1054_1064_1097_1126_1135_1140;1140
1017_1026_1031_1036_1053_1054_1064_1097_1130_1135_1140;1140
1017_1026_1031_1036_1053_1054_1064_1130_1135_1140;1140
1017_1026_1031_1036_1053_1064_1092_1130_1140;1140
1017_1026_1031_1036_1064_1101_1130_1135_1140;1140
1017_1026_1031_1052_1053_1064_1126_1135_1136_1140;1140
1017_1026_1031_1053_1054_1064_1097_1101_1126_1130_1135_1140;1140
1017_1026_1031_1053_1054_1064_1097_1130_1135_1140;1140
1017_1026_1031_1054_1064_1097_1101_1102_1104_1140;1140
1017_1026_1031_1064_1101_1130_1135_1138_1140;1140
1017_1026_1031_1064_1104_1135_1136_1140;1140
1017_1026_1031_1064_1126_1130_1135_1136_1140;1140
1017_1026_1031_1064_1126_1130_1135_1140;1140
1017_1026_1031_1064_1134_1140;1140
1017_1026_1035_1036_1038_1042_1064_1101_1126_1130_1140;1140
1017_1026_1035_1046_1064_1097_1101_1103_1104_1106_1135_1136_1138_1140;1140
1017_1026_1064_1097_1126_1130_1135_1140;1140
1017_1026_1064_1097_1126_1140;1140
1017_1026_1064_1126_1140;1140
1017_1026_1064_1135_1139_1140;1140
1017_1026_1064_1140;1140
1017_1026_1064_1140_3054_3056_3058_3060_3062_3064_3074;1140
1017_1028;1028
1017_1031_1036_1052_1053_1054_1064_1097_1101_1126_1135_1138_1140;1140
1017_1031_1036_1053_1054_1064_1097_1126_1130_1131_1140;1140
1017_1031_1036_1064_1097_1126_1130_1131_1140;1140
1017_1031_1036_1064_1101_1126_1130_1131_1140;1140
1017_1031_1036_1064_1126_1140;1140
1017_1031_1046_1053_1054_1064_1101_1103_1104_1130_1135_1140;1140
1017_1031_1046_1064_1126_1130_1135_1140;1140
1017_1031_1053_1054_1064_1097_1126_1130_1131_1140;1140
1017_1031_1064_1067_1068_1097_1126_1140;1140
1017_1031_1064_1072_1140;1140
1017_1031_1064_1101_1126_1135_1138_1140;1140
1017_1031_1064_1126_1130_1135_1136_1140;1140
1017_1035_1036_1064_1113_1140;1140
1017_1036_1064_1140;1140
1017_1043_1064_1140;1140
1017_1046_1053_1054_1064_1101_1103_1104_1130_1135_1140;1140
1017_1050_1064_1140;1140
1017_1064_1078_1140;1140
1017_1064_1097_1126_1140;1140
1017_1064_1126_1135_1140;1140
1017_1064_1126_1140;1140
1017_1064_1130_1140;1140
1017_1064_1135;1135
1017_1064_1135_1140;1140
1017_1064_1140;1140
1018_1019_1020_1036_1052_1053_1054_1055_1101_1130_1135_1136_1140;1140
1018_1019_1023_1026_1031_1036_1051_1053_1054_1065_1066_1067_1068_1072_1113_1114_1130_1131_1135_1140;1140
1018_1019_1026_1031_1036_1051_1054_1059_1064_1068_1072_1078_1114_1130_1135_1140;1140
1018_1019_1031_1036_1046_1051_1052_1053_1054_1067_1068_1081_1083_1140_3030_3031;1140
1018_1019_1031_1036_1046_1051_1054_1067_1081_1083_1113_1140_3031;1140
1018_1019_1031_1083_1140;1140
1018_1019_1036_1053_1059_1062_1064_1067_1068_1081_1113_1140_3001_3031_3052_3093_3094_3100;1140
1018_1019_1055_1140;1140
1018_1019_1061_1140;1140
1018_1019_1068_1083_1115_1116_1117_1140_3031;1140
1018_1020_1036_1051_1052_1053_1054_1055_1101_1130_1135_1136_1140;1140
1018_1022_1051_1078_1081_1083_1114_1131_1140_3003;1140
1018_1022_1140;1140
1018_1023_1028_1030_1036_1051_1052_1053_1054_1057_1058_1092_1096_1131_1132_1134_1140_3003_3031_3052;1140
1018_1026_1027_1037_1043_1051_1055_1083_1105_1130_1140;1140
1018_1026_1028_1030_1036_1051_1052_1053_1054_1057_1058_1092_1096_1131_1132_1134_1140_3003_3031;1140
1018_1026_1036_1051_1052_1053_1054_1096_1132_1135_1140_3003;1140
1018_1026_1036_1051_1055_1062_1065_1066_1067_1068_1070_1072_1078_1081_1083_1097_1102_1106_1113_1114_1130_1140;1140
1018_1026_1036_1051_1055_1062_1065_1066_1067_1068_1072_1078_1081_1083_1097_1102_1113_1114_1130_1140;1140
1018_1026_1036_1051_1078_1131_1140_3003;1140
1018_1026_1037_1043_1051_1055_1097_1130_1140;1140
1018_1026_1037_1043_1051_1055_1105_1130_1140;1140
1018_1026_1051_1055_1083_1105_1130_1140;1140
1018_1026_1051_1055_1083_1130_1138_1140;1140
1018_1026_1051_1055_1083_1130_1140;1140
1018_1026_1051_1055_1130_1140;1140
1018_1027_1037_1043_1051_1055_1105_1130_1140;1140
1018_1031_1036_1051_1053_1081_1083_1097_1113_1130_1131_1135_1140;1140
1018_1031_1036_1051_1092_1131_1140_3003;1140
1018_1031_1051_1131_1140_3003;1140
1018_1036_1051_1052_1053_1054_1096_1101_1140_3003;1140
1018_1036_1051_1052_1053_1054_1096_1132_1135_1140_3003;1140
1018_1036_1051_1052_1053_1054_1101_1134_1140_3003;1140
1018_1036_1051_1055_1083_1097_1113_1131_1140;1140
1018_1036_1051_1081_1083_1097_1131_1140;1140
1018_1036_1051_1140_3003;1140
1018_1036_1140_3030;1140
1018_1037_1043_1051_1055_1105_1131_1140;1140
1018_1037_1043_1051_1055_1130_1140;1140
1018_1051_1055_1083_1105_1130_1140;1140
1018_1051_1055_1083_1130_1140;1140
1018_1051_1055_1097_1130_1140;1140
1018_1051_1055_1107_1131_1140;1140
1018_1051_1055_1130_1140;1140
1018_1051_1055_1140;1140
1018_1051_1081_1083_1097_1131_1140;1140
1018_1055_1140;1140
1018_1107_1140;1140
1018_1140;1140
1019_1020_1036_1055_1140;1140
1019_1031_1036_1051_1052_1053_1054_1101_1132_1134_1140_3052;1140
1019_1031_1036_1052_1053_1054_1055_1068_1101_1130_1136_1140;1140
1019_1031_1036_1052_1053_1054_1096_1140_3031_3052_3093;1140
1019_1031_1036_1052_1053_1054_1101_1132_1134_1140_3031_3052;1140
1019_1031_1036_1053_1054_1070_1140;1140
1019_1031_1036_1053_1140;1140
1019_1031_1036_1140_3031_3052;1140
1019_1031_1052_1053_1054_1101_1131_1135_1140;1140
1019_1036_1053_1062_1067_1068_1070_1081_1113_1140;1140
1019_1036_1055_1140;1140
1019_1036_1140;1140
1019_1067_1068_1070_1078_1140;1140
1019_1067_1068_1078;1068
1019_1067_1068_1078_1081;1067
1019_1067_1068_1078_1081_1083_1140;1140
1019_1067_1068_1078_1140;1140
1019_1068;1068
1019_1140;1140
1020_1036_1052_1053_1054_1055_1083_1101_1135_1136_1140;1140
1020_1036_1052_1053_1054_1055_1097_1101_1130_1135_1136_1140;1140
1020_1036_1052_1053_1054_1055_1101_1135_1136_1140;1140
1021_1056;1021
1022_1036;1036
1022_1036_1051_1140;1140
1022_1036_1064;1036
1022_1056;1022
1022_1056_1061;1022
1022_1056_1064;1022
1022_1056_1065_1140_3001;1140
1022_1056_1067_1078_1140_3026_3031;1140
1022_1056_1140;1140
1022_1056_1140_3001;1140
1022_1064;1022
1022_1064_1080;1080
1022_1064_3028;1022
1022_1080;1080
1022_1132;1132
1022_1140;1140
1022_1140_3001;1140
1022_1140_3052;1140
1023_1028_1036_1057_1067_1068_1078_1095_1113_1140;1140
1023_1028_1036_1057_1067_1078_1095_1113_1140;1140
1023_1028_1057_1067_1068_1078_1140;1140
1023_1048_1140;1140
1023_1055_1140;1140
1025_1129;1129
1026_1031_1036_1046_1054_1064_1102_1126_1130_1135_1140;1140
1026_1031_1036_1051_1072_1097_1132_1135_1140;1140
1026_1031_1036_1053_1054_1072_1097_1101_1126_1130_1135_1140;1140
1026_1031_1036_1096_1140;1140
1026_1031_1036_1096_1140_3003;1140
1026_1031_1054_1067_1068_1126_1130_1131_1135_1140;1140
1026_1031_1054_1096_1103_1140;1140
1026_1031_1064_1097_1101_1130_1136_1138_1140;1140
1026_1031_1067_1068_1140;1140
1026_1031_1097_1101_1136_1140;1140
1026_1031_1097_1126_1130_1135_1136_1140;1140
1026_1031_1097_1126_1131_1135_1140;1140
1026_1031_1107_1140;1140
1026_1035_1092_1097_1140;1140
1026_1036_1046_1053_1101_1126_1130_1135_1140;1140
1026_1043_1130_1140;1140
1026_1055_1140;1140
1026_1064_1126_1140;1140
1026_1097_1126_1140;1140
1026_1110;1026
1026_1130_1140;1140
1026_1136_1138_1140;1140
1026_1140;1140
1027_1031_1036_1140;1140
1027_1055_1135_1140;1140
1027_1092_1140;1140
1028_1030_1080;1028
1028_1030_1098;1028
1028_1038;1028
1028_1080;1028
1028_1098;1028
1028_1126;1028
1028_1129;1028
1028_1141;1028
1028_1142;1028
1030_1080;1030
1031_1036;1036
1031_1036_1051_1052_1053_1054_1101_1132_1140_3052;1140
1031_1036_1052_1053_1054_1101_1132_1134_1135_1140;1140
1031_1036_1052_1053_1054_1140;1140
1031_1036_1053_1054;1053
1031_1036_1053_1054_1055_1130_1135_1140;1140
1031_1036_1064_1072_1140;1140
1031_1036_1081_1131_1140_3003_3031_3052;1140
1031_1036_1140;1140
1031_1036_1140_3031_3052;1140
1031_1046_1053_1054_1064_1140;1140
1031_1046_1067_1068_1130_1134_1140;1140
1031_1052_1053;1053
1031_1052_1053_1054;1053
1031_1053;1053
1031_1053_1054;1053
1031_1053_1054_1140;1140
1031_1053_1135;1053
1031_1054;1054
1031_1054_1056;1054
1031_1054_1129;1054
1031_1056;1031
1031_1056_1061;1031
1031_1056_3336;3336
1031_1056_3336_3345;3336
1031_1080;1031
1031_1088_1140;1140
1031_1101;1031
1031_1101_1140;1140
1031_1126_1130_1140;1140
1031_1126_1140;1140
1031_1129;1031
1031_1130_1140;1140
1031_1140;1140
1031_1140_3003;1140
1031_3336;3336
1031_3336_3345;3336
1032_1056;1032
1032_1056_1061;1032
1032_1129;1032
1033_1035;1033
1033_1056;1033
1033_1056_1061;1033
1035_1056;1035
1036_1038;1036
1036_1041;1041
1036_1052_1053_1054_1055_1101_1136_1140;1140
1036_1052_1053_1054_1081_1101_1134_1140_3003;1140
1036_1055_1062_1140;1140
1036_1061_1140_3031_3052;1140
1036_1062_1067_1068_1070_1078_1083_1107_1140;1140
1036_1064;1036
1036_1064_3028;1036
1036_1078_1081_1113_1140;1140
1036_1080;1036
1036_1113;1036
1036_1140;1140
1037_1072_1104_1106_1140;1140
1037_1097_1140;1140
1038_1042_1053_1054_1064_1097_1126_1135_1140;1140
1038_1042_1064_1097_1101_1126_1130_1135_1140;1140
1038_1113;1038
1040_1048;1040
1040_1080;1040
1040_1080_1105;1105
1040_1105;1105
1040_1114;1114
1044_1049;1044
1044_1140;1140
1046_1080;1046
1046_1140;1140
1047_1080;1047
1048_1081;1048
1048_1105;1105
1048_1140;1140
1050_1140;1140
1051_1107_1131_1140;1140
1052_1053;1053
1053_1056;1053
1053_1067_1081_1101_1113_1130_1140;1140
1053_1102_1103_1136_1138_1140;1140
1054_1140;1140
1055_1083_1105_1140;1140
1055_1083_1140;1140
1055_1097_1140;1140
1055_1130_1140;1140
1055_1140;1140
1056_1061;1061
1056_1061_1081;1061
1056_1061_1105;1061
1056_1061_1140;1140
1056_1061_3025;3025
1056_1061_3026;3026
1056_1061_3027;3027
1056_1061_3028;3028
1056_1061_3029;3029
1056_1061_3032;3032
1056_1061_3033;3033
1056_1061_3034;3034
1056_1061_3035;3035
1056_1061_3036;3036
1056_1061_3037;3037
1056_1061_3038;3038
1056_1061_3039;3039
1056_1061_3040;3040
1056_1061_3041;3041
1056_1061_3042;3042
1056_1061_3043;3043
1056_1061_3044;3044
1056_1061_3045;3045
1056_1061_3046;3046
1056_1061_3047;3047
1056_1061_3048;3048
1056_1061_3049;3049
1056_1061_3050;3050
1056_1061_3051;3051
1056_1135;1135
1056_3336;3336
1060_1140;1140
1061_1120_1140;1140
1061_1140;1140
1062_1067_1068_1140;1140
1064_3028;1064
1067_1068_1081_1140;1140
1078_1080;1078
1080_1081;1081
1080_1083;1083
1080_1095;1095
1080_1105;1105
1080_1113;1113
1080_1127;1127
1080_1129;1129
1081_1140;1140
1081_1140_3003_3031_3052;1140
1083_1097_1105_1130_1140;1140
1083_1140;1140
1089_1120;1120
1090_1129;1090
1091_1129;1091
1095_1140;1140
1097_1140;1140
1098_1113;1113
1101_1140;1140
1104_1106;1106
1107_1140;1140
1113_1120_1140_1144_3025_3031;1140
1113_1126;1113
1114_1130_1131_1135_1138_1139_1140;1140
1115_1116_1117_1118_1119_1140;1140
1126_1130_1135_1140;1140
1130_1140;1140
1131_1140;1140
1131_1140_3003;1140
1135_1139_1140;1140
1135_1140;1140
1136_1138_1140;1140
1136_1140;1140
1139_1140;1140
1140_3031;1140
3336_3345;3336
1080_3341;3341
1031_1053_1056;1053
1016_1036;1036
1016_1043;1043
1016_1056_3313;3313
1016_1021;1021
1016_1023;1023
1056_3336_3345;3336
1056_1132;1132
1056_1064;1064
1056_3337_3345;3337
1038_1056;1038
1026_1056;1026
1056_3345;3345
1049_2001;2001
1049_2002;2002
1049_2003;2003
1049_2004;2004
1049_2005;2005
1049_2006;2006
1049_2007;2007
1049_2008;2008
1049_2009;2009
1049_2010;2010
1049_2011;2011
1049_2012;2012
1049_2013;2013
1049_2014;2014
1049_2015;2015
1049_2016;2016
1049_2017;2017
1049_2018;2018
1049_2019;2019
1049_2020;2020
1034_1056;1034
1042_1056;1042
1031_1052_1053_1054_1056;1054
1056_3330;3330
1016_3339;3339
1016_1056_1064_1132;1132
1016_1056_1132;1132
1016_1056_1064;1064
1022_1056_1132;1132
1022_1056_1109_1132;1132
1056_3335;3335
1036_1132;1036
1056_3330_3345;3330
1036_1134;1134
1056_1140;1140
1056_3344;3344
1031_1052_1053_1054;1054
1132_3311;1132
1132_3335;1132
1084_1140_3311;1140
1052_1053_1054;1054
1016_1073;1073
1016_1064_3333;3333
1056_3313;3313
1056_3337;3337
1016_3341;3341
1056_3335_3345;3335
1056_1132_3335;1132
2226_2239;2239
1056_1253_1254;1254
1056_1253;1253
1056_1254;1254
1056_1064_1132;1064
1016_1036_3319;3319
1036_3319;3319
1016_1132;1132
1056_3311_3345;3345
1056_3311_3337;3337
1056_3311_3336;3336
1016_1063;1063
1053_1031_1056;1053
1054_1056;1054
1053_1254;1254
1053_1253_3316;1253
1254_3315;1254
1052_1053_1056;1053
1028_3097;1028
3076_3339;3339
1094_3335;1094
3073_3339;3339
3074_3339;3339
3075_3339;3339
3077_3339;3339
3078_3339;3339
3079_3339;3339
3080_3339;3339
3081_3339;3339
3082_3339;3339
3083_3339;3339
3084_3339;3339
3085_3339;3339
3086_3339;3339
3087_3339;3339
3088_3339;3339
3089_3339;3339
3090_3339;3339
3091_3339;3339
3092_3339;3339
1064_3335;1064
1016_1040_1105;1105
1016_1040;1040
1016_1022_1056_3028;1016
1031_3026;3026
1016_1042_1056;1042
1016_1056_3337_3345;3337
1022_1056_1083;1083
1031_1053_1056_3316;1053
1083_3311;1083
1056_3339_3345;3345
1056_3339;3339
1056_2248_2262_3339;2262
1041_1056;1041
1056_2262;2262
1056_2281;2281
1056_2274;2274
2248_3339;3339
1056_2248_3345;3345
1056_2230;2230
1056_2248;2248
1056_2248_2262;2262
1056_2262_3339;2262
1056_2248_3339;3339